filename,prob,contains_pattern
img_0000.png,2.2026784790796228e-05,False
img_0001.png,0.7137928605079651,True
img_0002.png,2.093303010042291e-05,False
img_0003.png,1.5230235476337839e-05,False
img_0004.png,1.7947111700777896e-05,False
img_0005.png,1.111377241613809e-05,False
img_0006.png,3.12562333419919e-05,False
img_0007.png,2.3497341317124665e-05,False
img_0008.png,5.6962817325256765e-06,False
img_0009.png,2.324395791220013e-05,False
img_0010.png,2.0272445908631198e-05,False
img_0011.png,2.7205453079659492e-05,False
img_0012.png,0.7293404340744019,True
img_0013.png,2.5006049327203073e-05,False
img_0014.png,1.9624003471108153e-05,False
img_0015.png,3.3048509067157283e-05,False
img_0016.png,1.5548759620287456e-05,False
img_0017.png,1.901119867397938e-05,False
img_0018.png,0.7423025965690613,True
img_0019.png,2.7342161047272384e-05,False
img_0020.png,0.740749180316925,True
img_0021.png,2.116057657985948e-05,False
img_0022.png,0.00035601173294708133,False
img_0023.png,3.9142596506280825e-05,False
img_0024.png,2.0662953829742037e-05,False
img_0025.png,0.2073102742433548,True
img_0026.png,1.7863221728475764e-05,False
img_0027.png,1.3982533346279524e-05,False
img_0028.png,0.7554842233657837,True
img_0029.png,2.403453254373744e-05,False
img_0030.png,1.6831962057040073e-05,False
img_0031.png,1.9674127543112263e-05,False
img_0032.png,3.123543137917295e-05,False
img_0033.png,1.8577526134322397e-05,False
img_0034.png,2.8501466658781283e-05,False
img_0035.png,4.6906112402211875e-05,False
img_0036.png,7.809278940840159e-06,False
img_0037.png,2.3456435883417726e-05,False
img_0038.png,2.6786290618474595e-05,False
img_0039.png,2.8475491490098648e-05,False
img_0040.png,1.53768796735676e-05,False
img_0041.png,2.0185277662676526e-06,False
img_0042.png,2.2884538338985294e-05,False
img_0043.png,1.876297937997151e-05,False
img_0044.png,0.7171520590782166,True
img_0045.png,2.6498324587009847e-05,False
img_0046.png,2.470193248882424e-05,False
img_0047.png,0.747940719127655,True
img_0048.png,4.831259957427392e-06,False
img_0049.png,3.356415982125327e-05,False
img_0050.png,2.2919000912224874e-05,False
img_0051.png,2.0009649233543314e-05,False
img_0052.png,0.7544382810592651,True
img_0053.png,2.6071500542457215e-05,False
img_0054.png,6.161263445392251e-05,False
img_0055.png,1.911777326313313e-05,False
img_0056.png,2.940777085314039e-05,False
img_0057.png,2.22234502871288e-05,False
img_0058.png,4.1139046516036615e-05,False
img_0059.png,2.2805845219409093e-05,False
img_0060.png,1.7492313418188132e-05,False
img_0061.png,1.451371736038709e-05,False
img_0062.png,2.780043359962292e-06,False
img_0063.png,2.3029864678392187e-05,False
img_0064.png,2.1092135284561664e-05,False
img_0065.png,2.268271055072546e-05,False
img_0066.png,2.6611371140461415e-05,False
img_0067.png,1.892516593215987e-05,False
img_0068.png,3.3098218409577385e-05,False
img_0069.png,1.6399444575654343e-05,False
img_0070.png,1.901239375001751e-05,False
img_0071.png,1.514767063781619e-05,False
img_0072.png,2.8835112971137278e-05,False
img_0073.png,2.930921982624568e-05,False
img_0074.png,4.602935860020807e-06,False
img_0075.png,3.192924123140983e-05,False
img_0076.png,3.218257552362047e-05,False
img_0077.png,1.6718855476938188e-05,False
img_0078.png,0.7250226736068726,True
img_0079.png,3.4123306249966845e-05,False
img_0080.png,2.6663394237402827e-05,False
img_0081.png,8.090518349490594e-06,False
img_0082.png,1.9701521523529664e-05,False
img_0083.png,2.063420288322959e-05,False
img_0084.png,1.5267332855728455e-05,False
img_0085.png,3.553364149411209e-05,False
img_0086.png,2.192388456023764e-05,False
img_0087.png,2.600564585009124e-05,False
img_0088.png,2.0160257918178104e-05,False
img_0089.png,2.847663199645467e-05,False
img_0090.png,0.7091538906097412,True
img_0091.png,2.382396996836178e-05,False
img_0092.png,3.302781260572374e-05,False
img_0093.png,3.559995093382895e-05,False
img_0094.png,0.7239362001419067,True
img_0095.png,2.3951723051141016e-05,False
img_0096.png,1.6268813851638697e-05,False
img_0097.png,7.467840077879373e-06,False
img_0098.png,3.236955990360002e-06,False
img_0099.png,2.4198789105867036e-05,False
img_0100.png,2.73284731520107e-05,False
img_0101.png,2.2179223378770985e-05,False
img_0102.png,2.3101265469449572e-05,False
img_0103.png,1.6019894246710464e-05,False
img_0104.png,2.5472814741078764e-05,False
img_0105.png,2.9418457415886223e-05,False
img_0106.png,2.5386167180840857e-05,False
img_0107.png,2.654516720212996e-05,False
img_0108.png,4.710549546871334e-05,False
img_0109.png,7.800005550961941e-05,False
img_0110.png,1.6334841347998008e-05,False
img_0111.png,2.2161526430863887e-05,False
img_0112.png,1.8149783500120975e-05,False
img_0113.png,4.8864960263017565e-05,False
img_0114.png,1.3616131582239177e-05,False
img_0115.png,2.326367211935576e-05,False
img_0116.png,3.848633787129074e-05,False
img_0117.png,4.458370767679298e-06,False
img_0118.png,2.2049081962904893e-05,False
img_0119.png,2.0616245819837786e-05,False
img_0120.png,2.0198440324747935e-05,False
img_0121.png,1.8440621715853922e-05,False
img_0122.png,2.158557799702976e-05,False
img_0123.png,2.2198881197255105e-05,False
img_0124.png,3.7122928915778175e-05,False
img_0125.png,3.2412499422207475e-05,False
img_0126.png,8.514611181453802e-06,False
img_0127.png,3.1654228223487735e-05,False
img_0128.png,2.2327199985738844e-05,False
img_0129.png,3.986486262874678e-05,False
img_0130.png,0.7299701571464539,True
img_0131.png,3.571138222469017e-05,False
img_0132.png,2.7056912585976534e-05,False
img_0133.png,3.989681772509357e-06,False
img_0134.png,1.8239175915368833e-05,False
img_0135.png,1.2726475688396022e-05,False
img_0136.png,3.136800296488218e-05,False
img_0137.png,2.1096520868013613e-05,False
img_0138.png,2.608933391456958e-05,False
img_0139.png,3.65054038411472e-05,False
img_0140.png,3.0166722353897057e-05,False
img_0141.png,2.7057763873017393e-05,False
img_0142.png,3.7929883546894416e-05,False
img_0143.png,3.482299507595599e-05,False
img_0144.png,1.8369431927567348e-05,False
img_0145.png,3.9776878111297265e-05,False
img_0146.png,2.144674726878293e-05,False
img_0147.png,2.651513204909861e-05,False
img_0148.png,2.1749188817921095e-05,False
img_0149.png,3.359371476108208e-05,False
img_0150.png,0.854448139667511,True
img_0151.png,1.7062520782928914e-05,False
img_0152.png,2.329412745893933e-05,False
img_0153.png,2.3958213205332868e-05,False
img_0154.png,1.6351050362573005e-05,False
img_0155.png,3.423595626372844e-05,False
img_0156.png,1.9292592696729116e-05,False
img_0157.png,3.713613477884792e-05,False
img_0158.png,2.2148384232423268e-05,False
img_0159.png,2.1632564312312752e-05,False
img_0160.png,1.3514513739210088e-05,False
img_0161.png,0.7260479927062988,True
img_0162.png,3.9581587770953774e-05,False
img_0163.png,3.9858361560618505e-05,False
img_0164.png,4.475378227652982e-05,False
img_0165.png,3.310231841169298e-05,False
img_0166.png,2.182702701247763e-05,False
img_0167.png,2.2943471776670776e-05,False
img_0168.png,1.9633473129943013e-05,False
img_0169.png,1.4244312296796124e-05,False
img_0170.png,1.66763857123442e-05,False
img_0171.png,1.9552791854948737e-05,False
img_0172.png,2.171321102650836e-05,False
img_0173.png,2.9033255486865528e-05,False
img_0174.png,1.901932046166621e-05,False
img_0175.png,0.7513931393623352,True
img_0176.png,3.496408317005262e-05,False
img_0177.png,2.4078097339952365e-05,False
img_0178.png,2.4650835257489234e-06,False
img_0179.png,1.183067615784239e-05,False
img_0180.png,1.866591082944069e-05,False
img_0181.png,1.993823934753891e-05,False
img_0182.png,2.500714617781341e-05,False
img_0183.png,2.0371537175378762e-05,False
img_0184.png,0.703777015209198,True
img_0185.png,2.457252048770897e-05,False
img_0186.png,2.38392676692456e-05,False
img_0187.png,2.613906872284133e-06,False
img_0188.png,3.26432564179413e-05,False
img_0189.png,4.8788228014018387e-05,False
img_0190.png,2.2054211513022892e-05,False
img_0191.png,3.957075750804506e-05,False
img_0192.png,2.0911062165396288e-05,False
img_0193.png,1.1686714969982859e-05,False
img_0194.png,3.2983898563543335e-05,False
img_0195.png,2.0973613573005423e-05,False
img_0196.png,1.822088597691618e-05,False
img_0197.png,2.091046371788252e-05,False
img_0198.png,1.7868860595626757e-05,False
img_0199.png,2.3980064725037664e-05,False
img_0200.png,3.9065704186214134e-05,False
img_0201.png,2.8387968995957635e-05,False
img_0202.png,9.503190085524693e-05,False
img_0203.png,1.3486010175256524e-05,False
img_0204.png,1.2690781659330241e-05,False
img_0205.png,1.6457726815133356e-05,False
img_0206.png,1.5330229871324264e-05,False
img_0207.png,1.8634482330526225e-05,False
img_0208.png,1.8454484234098345e-05,False
img_0209.png,2.7611869882093742e-05,False
img_0210.png,2.2550993890035897e-05,False
img_0211.png,2.3987386157386936e-05,False
img_0212.png,2.297555147379171e-05,False
img_0213.png,3.3783649996621534e-05,False
img_0214.png,2.3412343580275774e-05,False
img_0215.png,1.9848428564728238e-05,False
img_0216.png,2.686059997358825e-05,False
img_0217.png,2.258443782920949e-05,False
img_0218.png,2.5952902433346026e-05,False
img_0219.png,2.0874580513918772e-05,False
img_0220.png,2.5995876058004797e-05,False
img_0221.png,2.475055407558102e-05,False
img_0222.png,0.7131734490394592,True
img_0223.png,2.5855642888927832e-05,False
img_0224.png,2.5730121706146747e-05,False
img_0225.png,2.23073257075157e-05,False
img_0226.png,1.3651887456944678e-05,False
img_0227.png,2.7767322535510175e-05,False
img_0228.png,4.5809010771336034e-05,False
img_0229.png,3.7734771467512473e-05,False
img_0230.png,2.3050341042107902e-05,False
img_0231.png,2.1707581254304387e-05,False
img_0232.png,1.8040409486275166e-05,False
img_0233.png,4.859867476625368e-05,False
img_0234.png,3.1303963623940945e-05,False
img_0235.png,1.824667378969025e-05,False
img_0236.png,2.7922931622015312e-05,False
img_0237.png,1.0643666428222787e-05,False
img_0238.png,1.8748653019429184e-05,False
img_0239.png,5.572989903157577e-05,False
img_0240.png,2.3612439690623432e-05,False
img_0241.png,2.1689287677872926e-05,False
img_0242.png,2.2265667212195694e-05,False
img_0243.png,1.925180731632281e-05,False
img_0244.png,2.144523386959918e-05,False
img_0245.png,1.439716015738668e-05,False
img_0246.png,3.250650843256153e-05,False
img_0247.png,1.993542718992103e-05,False
img_0248.png,1.868862091214396e-05,False
img_0249.png,2.0746672817040235e-05,False
img_0250.png,2.1237034161458723e-05,False
img_0251.png,0.00010784389451146126,False
img_0252.png,1.6187610526685603e-05,False
img_0253.png,8.54795962368371e-06,False
img_0254.png,3.158394247293472e-05,False
img_0255.png,1.8418651961837895e-05,False
img_0256.png,3.322053453302942e-05,False
img_0257.png,2.0903447875753045e-05,False
img_0258.png,2.8745631425408646e-05,False
img_0259.png,2.109694469254464e-05,False
img_0260.png,3.3999276638496667e-06,False
img_0261.png,3.311355976620689e-05,False
img_0262.png,2.222483090008609e-05,False
img_0263.png,9.080136806005612e-06,False
img_0264.png,2.916968696808908e-05,False
img_0265.png,3.7155052268644795e-05,False
img_0266.png,3.009643842233345e-05,False
img_0267.png,1.3205205505073536e-05,False
img_0268.png,0.7295069098472595,True
img_0269.png,1.1330289453326259e-05,False
img_0270.png,2.5690173970360775e-06,False
img_0271.png,2.8353715606499463e-05,False
img_0272.png,4.414816794451326e-05,False
img_0273.png,1.1033512237190735e-05,False
img_0274.png,3.9264097722480074e-05,False
img_0275.png,2.3267040887731127e-05,False
img_0276.png,9.140972906607203e-06,False
img_0277.png,2.3547228920506313e-05,False
img_0278.png,2.1466350517584942e-05,False
img_0279.png,2.4211645722971298e-05,False
img_0280.png,2.6684661861509085e-05,False
img_0281.png,7.321820703509729e-06,False
img_0282.png,2.157263588742353e-05,False
img_0283.png,3.064597331103869e-05,False
img_0284.png,2.0113766368012875e-05,False
img_0285.png,2.3230195438372903e-05,False
img_0286.png,2.7180401957593858e-05,False
img_0287.png,2.1825027943123132e-05,False
img_0288.png,1.5846659152884968e-05,False
img_0289.png,2.097465403494425e-05,False
img_0290.png,1.9094106392003596e-05,False
img_0291.png,2.0957497326890007e-05,False
img_0292.png,3.77190881408751e-05,False
img_0293.png,0.7305393815040588,True
img_0294.png,3.07732516375836e-05,False
img_0295.png,3.1086019589565694e-05,False
img_0296.png,3.068750083912164e-05,False
img_0297.png,2.255428262287751e-05,False
img_0298.png,3.395476960577071e-05,False
img_0299.png,1.877135582617484e-05,False
img_0300.png,3.7796864489791915e-05,False
img_0301.png,2.5952902433346026e-05,False
img_0302.png,6.662518444500165e-06,False
img_0303.png,1.6616506400168873e-05,False
img_0304.png,2.6942876502289437e-05,False
img_0305.png,4.895453912467929e-06,False
img_0306.png,1.8174618162447587e-05,False
img_0307.png,1.9003131455974653e-05,False
img_0308.png,2.6355075533501804e-05,False
img_0309.png,2.0144960217294283e-05,False
img_0310.png,2.4644707082188688e-05,False
img_0311.png,1.743786378938239e-05,False
img_0312.png,4.5800752559443936e-05,False
img_0313.png,2.9717787128902273e-06,False
img_0314.png,1.4375043065228965e-05,False
img_0315.png,1.800477912183851e-05,False
img_0316.png,1.9969656932516955e-05,False
img_0317.png,1.343438088952098e-05,False
img_0318.png,3.1532475986750796e-05,False
img_0319.png,1.4561159332515672e-05,False
img_0320.png,1.7050013411790133e-05,False
img_0321.png,3.199660568498075e-05,False
img_0322.png,3.5079843655694276e-05,False
img_0323.png,1.47771943375119e-05,False
img_0324.png,3.091699909418821e-05,False
img_0325.png,3.657764318631962e-05,False
img_0326.png,1.3869582289771643e-05,False
img_0327.png,2.876809230656363e-05,False
img_0328.png,5.100516864331439e-05,False
img_0329.png,2.6680896553443745e-05,False
img_0330.png,1.0325264156563208e-05,False
img_0331.png,1.3877943274565041e-05,False
img_0332.png,3.401255526114255e-05,False
img_0333.png,0.718164324760437,True
img_0334.png,3.765166547964327e-05,False
img_0335.png,8.211579370254185e-06,False
img_0336.png,2.8131407816545106e-05,False
img_0337.png,2.6662833988666534e-05,False
img_0338.png,2.1121042664162815e-05,False
img_0339.png,3.409920464036986e-05,False
img_0340.png,2.6072048058267683e-05,False
img_0341.png,2.158356255677063e-05,False
img_0342.png,0.7046480774879456,True
img_0343.png,3.188460323144682e-05,False
img_0344.png,9.364018296764698e-06,False
img_0345.png,2.0086106815142557e-05,False
img_0346.png,4.837419055547798e-06,False
img_0347.png,1.1926421393582132e-05,False
img_0348.png,2.281211163790431e-05,False
img_0349.png,2.2411039026337676e-05,False
img_0350.png,1.1607376109168399e-05,False
img_0351.png,2.0636092813219875e-05,False
img_0352.png,5.107048855279572e-05,False
img_0353.png,2.159715222660452e-05,False
img_0354.png,3.3183390769409016e-05,False
img_0355.png,0.7222409844398499,True
img_0356.png,1.741901542118285e-05,False
img_0357.png,1.2767222870024852e-05,False
img_0358.png,3.6460176488617435e-05,False
img_0359.png,2.3579967091791332e-05,False
img_0360.png,2.1472758817253634e-05,False
img_0361.png,2.0314442735980265e-05,False
img_0362.png,2.0540277546388097e-05,False
img_0363.png,1.9899145627277903e-05,False
img_0364.png,2.1730240405304357e-05,False
img_0365.png,2.990469329233747e-05,False
img_0366.png,2.337949990760535e-05,False
img_0367.png,2.7329466320225038e-05,False
img_0368.png,0.7093843817710876,True
img_0369.png,2.125855280610267e-05,False
img_0370.png,3.266486601205543e-05,False
img_0371.png,1.0134513104276266e-05,False
img_0372.png,1.6946089090197347e-05,False
img_0373.png,1.7423020835849456e-05,False
img_0374.png,2.3996537493076175e-05,False
img_0375.png,3.8943326217122376e-05,False
img_0376.png,5.187789042793156e-07,False
img_0377.png,2.9610300771309994e-05,False
img_0378.png,1.4663386536994949e-05,False
img_0379.png,2.3656255507376045e-05,False
img_0380.png,0.738178551197052,True
img_0381.png,1.5172927305684425e-05,False
img_0382.png,2.3849792341934517e-05,False
img_0383.png,4.648937829188071e-05,False
img_0384.png,2.778777343337424e-05,False
img_0385.png,2.3456546841771342e-05,False
img_0386.png,3.2395160815212876e-05,False
img_0387.png,3.55133852281142e-05,False
img_0388.png,3.389472476555966e-05,False
img_0389.png,2.1449490304803476e-05,False
img_0390.png,1.3287874025991186e-05,False
img_0391.png,1.0558199392107781e-05,False
img_0392.png,2.30145851674024e-05,False
img_0393.png,3.6253347843739903e-06,False
img_0394.png,2.2702208298142068e-05,False
img_0395.png,3.159273910569027e-05,False
img_0396.png,1.6944020899245515e-05,False
img_0397.png,2.4703673261683434e-05,False
img_0398.png,2.0955440049874596e-05,False
img_0399.png,2.4557291908422485e-05,False
img_0400.png,3.0021303246030584e-05,False
img_0401.png,2.5192917746608146e-05,False
img_0402.png,3.2915271731326357e-05,False
img_0403.png,2.7248141122981906e-05,False
img_0404.png,3.725315400515683e-05,False
img_0405.png,2.4284579922095872e-05,False
img_0406.png,1.8546494175097905e-05,False
img_0407.png,0.7390992641448975,True
img_0408.png,1.7460544768255204e-05,False
img_0409.png,4.1422325011808425e-05,False
img_0410.png,6.457129529735539e-06,False
img_0411.png,1.9391254681977443e-05,False
img_0412.png,2.985291757795494e-05,False
img_0413.png,1.912226070999168e-05,False
img_0414.png,4.3258936784695834e-05,False
img_0415.png,4.318531500757672e-05,False
img_0416.png,1.9471661289571784e-05,False
img_0417.png,1.690805765974801e-05,False
img_0418.png,1.0246340025332756e-05,False
img_0419.png,3.806410313700326e-05,False
img_0420.png,2.734646295721177e-05,False
img_0421.png,2.6175284801865928e-05,False
img_0422.png,2.1943904357613064e-05,False
img_0423.png,1.5361692931037396e-05,False
img_0424.png,1.5640265701222233e-05,False
img_0425.png,1.8357697626925074e-05,False
img_0426.png,4.263237860868685e-05,False
img_0427.png,1.608218008186668e-05,False
img_0428.png,3.482113606878556e-05,False
img_0429.png,1.8931827071355656e-05,False
img_0430.png,3.820957863354124e-05,False
img_0431.png,2.3143249563872814e-05,False
img_0432.png,1.5429053746629506e-05,False
img_0433.png,1.7428072169423103e-05,False
img_0434.png,1.3577594472735655e-05,False
img_0435.png,2.7873951694346033e-05,False
img_0436.png,1.5078145224833861e-05,False
img_0437.png,2.305144334968645e-05,False
img_0438.png,4.716006060334621e-06,False
img_0439.png,3.267627107561566e-05,False
img_0440.png,1.8089862123815692e-06,False
img_0441.png,2.1316654965630732e-05,False
img_0442.png,4.017862738692202e-05,False
img_0443.png,1.8446708054398187e-05,False
img_0444.png,1.3861171282769646e-05,False
img_0445.png,1.3000209946767427e-05,False
img_0446.png,1.3275815945235081e-05,False
img_0447.png,2.8832029784098268e-05,False
img_0448.png,2.2155185433803126e-05,False
img_0449.png,2.8844094686064636e-06,False
img_0450.png,2.0329616745584644e-05,False
img_0451.png,3.457910497672856e-05,False
img_0452.png,1.6004929420887493e-05,False
img_0453.png,0.7118675112724304,True
img_0454.png,1.755782614054624e-05,False
img_0455.png,2.923128158727195e-05,False
img_0456.png,3.449452924542129e-05,False
img_0457.png,2.3148415493778884e-05,False
img_0458.png,2.7254040105617605e-05,False
img_0459.png,5.001214049116243e-06,False
img_0460.png,2.3642071028007194e-05,False
img_0461.png,1.5342238839366473e-05,False
img_0462.png,1.693229569355026e-05,False
img_0463.png,0.7362048625946045,True
img_0464.png,1.3386254977376666e-05,False
img_0465.png,2.6164902010350488e-05,False
img_0466.png,2.41580910369521e-05,False
img_0467.png,3.525874126353301e-05,False
img_0468.png,2.1187433958402835e-05,False
img_0469.png,0.00018179419566877186,False
img_0470.png,2.9375170925050043e-05,False
img_0471.png,2.8434245905373245e-05,False
img_0472.png,2.8678136004600674e-05,False
img_0473.png,4.2709089029813185e-05,False
img_0474.png,4.3145715608261526e-05,False
img_0475.png,2.5158968128380366e-05,False
img_0476.png,2.4003493308555335e-05,False
img_0477.png,2.6290388632332906e-05,False
img_0478.png,5.073066131444648e-05,False
img_0479.png,4.007756433566101e-05,False
img_0480.png,3.6667363019660115e-05,False
img_0481.png,2.840654633473605e-05,False
img_0482.png,2.3780297851772048e-05,False
img_0483.png,2.77855469903443e-05,False
img_0484.png,7.584384093206609e-06,False
img_0485.png,2.0360097551019862e-05,False
img_0486.png,0.7148211598396301,True
img_0487.png,5.011268513044342e-06,False
img_0488.png,2.8083777579013258e-05,False
img_0489.png,6.760565156582743e-05,False
img_0490.png,2.2498492398881353e-05,False
img_0491.png,2.5985666070482694e-05,False
img_0492.png,1.3765717085334472e-05,False
img_0493.png,3.41001468768809e-05,False
img_0494.png,1.2256620721018407e-05,False
img_0495.png,2.4694276362424716e-05,False
img_0496.png,2.2445623471867293e-05,False
img_0497.png,0.8069184422492981,True
img_0498.png,6.445535836974159e-05,False
img_0499.png,0.0002930751070380211,False
img_0500.png,2.4356153517146595e-05,False
img_0501.png,2.6652360247680917e-05,False
img_0502.png,2.9938250008854084e-05,False
img_0503.png,1.66057980095502e-05,False
img_0504.png,3.275726703577675e-05,False
img_0505.png,2.1332456526579335e-05,False
img_0506.png,1.964924558706116e-05,False
img_0507.png,1.37851739054895e-05,False
img_0508.png,1.4006410310685169e-05,False
img_0509.png,0.7237067818641663,True
img_0510.png,5.197840891923988e-06,False
img_0511.png,2.2857253497932106e-05,False
img_0512.png,1.8883287339122035e-05,False
img_0513.png,2.1090205336804502e-05,False
img_0514.png,3.0319752113427967e-05,False
img_0515.png,3.280296368757263e-05,False
img_0516.png,1.2599326510098763e-05,False
img_0517.png,9.060665433935355e-06,False
img_0518.png,2.165607293136418e-05,False
img_0519.png,3.0151824830682017e-05,False
img_0520.png,3.085114440182224e-05,False
img_0521.png,2.6736524887382984e-05,False
img_0522.png,2.9787142921122722e-05,False
img_0523.png,1.5731440726085566e-05,False
img_0524.png,7.1022686825017445e-06,False
img_0525.png,2.828862488968298e-05,False
img_0526.png,2.388320535828825e-05,False
img_0527.png,2.389493783994112e-05,False
img_0528.png,1.228736527991714e-05,False
img_0529.png,2.2258745957515202e-05,False
img_0530.png,0.7306220531463623,True
img_0531.png,0.7400286793708801,True
img_0532.png,2.3899268853710964e-05,False
img_0533.png,0.7217132449150085,True
img_0534.png,1.5396659364341758e-05,False
img_0535.png,1.864020487118978e-05,False
img_0536.png,1.8316881323698908e-05,False
img_0537.png,0.7517968416213989,True
img_0538.png,2.6083087504957803e-05,False
img_0539.png,1.7519692846690305e-05,False
img_0540.png,3.7018510283814976e-06,False
img_0541.png,2.398866490693763e-05,False
img_0542.png,3.739424209925346e-05,False
img_0543.png,8.263001291197725e-06,False
img_0544.png,3.876092523569241e-05,False
img_0545.png,3.560229379218072e-05,False
img_0546.png,1.9318642443977296e-05,False
img_0547.png,3.930628372472711e-05,False
img_0548.png,4.247832839610055e-05,False
img_0549.png,1.738975515763741e-05,False
img_0550.png,2.5472378183621913e-05,False
img_0551.png,2.4446117095067166e-05,False
img_0552.png,3.283376281615347e-05,False
img_0553.png,1.818458804336842e-05,False
img_0554.png,1.8104419723385945e-05,False
img_0555.png,1.8360218746238388e-05,False
img_0556.png,1.393437196384184e-05,False
img_0557.png,0.7971231341362,True
img_0558.png,1.54961489897687e-05,False
img_0559.png,1.7386206309311092e-05,False
img_0560.png,0.7176644206047058,True
img_0561.png,2.318175211257767e-05,False
img_0562.png,5.533524472411955e-06,False
img_0563.png,2.886199035856407e-05,False
img_0564.png,1.3689813386008609e-05,False
img_0565.png,5.298506221151911e-05,False
img_0566.png,3.3054497180273756e-05,False
img_0567.png,0.7302737832069397,True
img_0568.png,1.0888219549087808e-05,False
img_0569.png,2.5277340682805516e-05,False
img_0570.png,1.876985334092751e-05,False
img_0571.png,2.8892229238408618e-05,False
img_0572.png,1.2362896086415276e-05,False
img_0573.png,2.5979521524277516e-05,False
img_0574.png,1.9506733224261552e-05,False
img_0575.png,1.9827126379823312e-05,False
img_0576.png,0.635344922542572,True
img_0577.png,5.490429975907318e-05,False
img_0578.png,0.7651190757751465,True
img_0579.png,3.160307096550241e-05,False
img_0580.png,0.9090346097946167,True
img_0581.png,4.969297151546925e-05,False
img_0582.png,1.5975756468833424e-05,False
img_0583.png,2.0311827029217966e-05,False
img_0584.png,1.0490892236703075e-05,False
img_0585.png,2.257844971609302e-05,False
img_0586.png,1.7012007447192445e-05,False
img_0587.png,2.4305685656145215e-05,False
img_0588.png,3.726295835804194e-05,False
img_0589.png,2.5132589144050144e-05,False
img_0590.png,3.574118818505667e-05,False
img_0591.png,2.7725038307835348e-05,False
img_0592.png,2.5445164283155464e-05,False
img_0593.png,4.283173257135786e-05,False
img_0594.png,4.819479727302678e-05,False
img_0595.png,7.696366992604453e-06,False
img_0596.png,1.5256635379046202e-05,False
img_0597.png,1.8525317500461824e-05,False
img_0598.png,2.5157767595374025e-05,False
img_0599.png,2.7481282813823782e-05,False
img_0600.png,2.6982164854416624e-05,False
img_0601.png,2.031306576100178e-05,False
img_0602.png,7.894530426710844e-06,False
img_0603.png,0.7179153561592102,True
img_0604.png,1.8455470126355067e-05,False
img_0605.png,1.3180797395762056e-05,False
img_0606.png,4.0310151234734803e-05,False
img_0607.png,5.229378530202666e-06,False
img_0608.png,2.0134397345827892e-05,False
img_0609.png,4.116950003663078e-05,False
img_0610.png,2.20223082578741e-05,False
img_0611.png,2.0038696675328538e-05,False
img_0612.png,1.5048552995722275e-05,False
img_0613.png,2.5342216758872382e-05,False
img_0614.png,2.6135276129934937e-05,False
img_0615.png,2.372826202190481e-05,False
img_0616.png,4.408964377944358e-05,False
img_0617.png,1.962379610631615e-05,False
img_0618.png,2.2499243641505018e-05,False
img_0619.png,2.862294604710769e-05,False
img_0620.png,5.922299897065386e-05,False
img_0621.png,2.9943135814392008e-05,False
img_0622.png,2.807261080306489e-05,False
img_0623.png,1.0724577805376612e-05,False
img_0624.png,1.4745899534318596e-05,False
img_0625.png,4.181066469755024e-05,False
img_0626.png,1.502179748058552e-05,False
img_0627.png,2.0032480563259014e-07,False
img_0628.png,2.6497718863538466e-05,False
img_0629.png,0.712685763835907,True
img_0630.png,1.339838945568772e-05,False
img_0631.png,1.3578707694250625e-05,False
img_0632.png,1.6995387341012247e-05,False
img_0633.png,1.3550171388487797e-05,False
img_0634.png,1.7999698684434406e-05,False
img_0635.png,0.7256179451942444,True
img_0636.png,1.9421886463533156e-05,False
img_0637.png,1.8595213987282477e-05,False
img_0638.png,3.3478743716841564e-05,False
img_0639.png,0.7461388111114502,True
img_0640.png,2.1821155314682983e-05,False
img_0641.png,2.0114801372983493e-05,False
img_0642.png,3.5297427530167624e-05,False
img_0643.png,0.7101268172264099,True
img_0644.png,0.7396070957183838,True
img_0645.png,0.7210072875022888,True
img_0646.png,2.1322166503523476e-05,False
img_0647.png,2.4184600988519378e-05,False
img_0648.png,2.364836291235406e-05,False
img_0649.png,1.6597927242401056e-05,False
img_0650.png,1.671491736487951e-05,False
img_0651.png,2.2800582883064635e-05,False
img_0652.png,1.692849946266506e-05,False
img_0653.png,2.70705913862912e-05,False
img_0654.png,2.797869274218101e-05,False
img_0655.png,1.738153150654398e-05,False
img_0656.png,0.7286784648895264,True
img_0657.png,0.7249054312705994,True
img_0658.png,8.513559350831201e-07,False
img_0659.png,2.198680340370629e-05,False
img_0660.png,1.959774635906797e-05,False
img_0661.png,2.941991806437727e-05,False
img_0662.png,2.5958494006772526e-05,False
img_0663.png,2.1278838175931014e-05,False
img_0664.png,3.179397026542574e-05,False
img_0665.png,7.431876838381868e-06,False
img_0666.png,2.7172367481398396e-05,False
img_0667.png,2.6592142603476532e-05,False
img_0668.png,3.851716883218614e-06,False
img_0669.png,1.9293729565106332e-05,False
img_0670.png,0.7197136878967285,True
img_0671.png,3.776515950448811e-05,False
img_0672.png,2.7225098165217787e-05,False
img_0673.png,5.487037924467586e-05,False
img_0674.png,2.2427930161939003e-05,False
img_0675.png,0.7451766133308411,True
img_0676.png,2.1098434444866143e-05,False
img_0677.png,2.478475471434649e-05,False
img_0678.png,5.100976977701066e-06,False
img_0679.png,2.4185846996260807e-05,False
img_0680.png,1.7462427422287874e-05,False
img_0681.png,4.162360346526839e-05,False
img_0682.png,4.989842182112625e-06,False
img_0683.png,2.6702071409090422e-05,False
img_0684.png,3.164767986163497e-05,False
img_0685.png,2.0021427189931273e-05,False
img_0686.png,2.122221303579863e-05,False
img_0687.png,2.522844988561701e-05,False
img_0688.png,1.4549235856975429e-05,False
img_0689.png,1.664476985752117e-05,False
img_0690.png,3.9934078813530505e-05,False
